rownames,Reaction,Days,Subject
7,382.2038,6,308
8,290.1486,7,308
17,213.6303,6,309
18,217.7272,7,309
27,235.4208,6,310
28,255.7511,7,310
37,280.2396,6,330
38,318.2613,7,330
47,290.075,6,331
48,334.8177,7,331
57,454.1619,6,332
58,346.8311,7,332
67,332.0265,6,333
68,348.8399,7,333
77,305.5248,6,334
78,331.5229,7,334
87,245.4523,6,335
88,235.311,7,335
97,404.2601,6,337
98,416.6923,7,337
107,281.5648,6,349
108,308.102,7,349
117,379.4445,6,350
118,362.9184,7,350
127,287.7466,6,351
128,266.5955,7,351
137,354.4266,6,352
138,360.4326,7,352
147,298.1353,6,369
148,348.1229,7,369
157,281.1481,6,370
158,347.5855,7,370
167,259.2658,6,371
168,304.6306,7,371
177,334.4818,6,372
178,343.2199,7,372
